infant_mmu,whole_brain_gm_fw,whole_brain_wm_fw,whole_brain_wm_fat,timepoint,GD40_weight_kg,cingulate_gm_fw,cingulate_wm_fw,cingulate_wm_fat,is_treated,frontal_gm_fw,frontal_wm_fw,frontal_wm_fat,prefrontal_gm_fw,prefrontal_wm_fw,prefrontal_wm_fat,templimbic_gm_fw,templimbic_wm_fw,templimbic_wm_fat,num_dtivol_discarded,frontal_gray_volume_AUC,prefrontal_gray_volume_AUC,cing_gray_volume_AUC,frontal_white_volume_AUC,frontal_gray_fw_AUC,prefrontal_gray_fw_AUC,cing_gray_fw_AUC,frontal_white_fw_AUC,cpt_false_alarms,id_ed_misses,Maternal_il6_peak
45938,0.176266,0.136061,0.345571,1,7.72,0.16686,0.108251,0.371749,1,0.141944,0.116246,0.394374,0.122574,0.100246,0.380574,0.192415,0.136643,0.336276,2,8516.6318178,7000.0442065,2513.7093115,8516.6318178,0.1634118791,0.1574282767,0.1816355017,0.127983678,8.2105263158,0.0486108778,90.83
45938,0.126873,0.10305,0.369162,2,7.72,0.125621,0.063173,0.367773,1,0.117285,0.081852,0.411922,0.099777,0.060556,0.379649,0.168351,0.136807,0.351772,1,8516.6318178,7000.0442065,2513.7093115,8516.6318178,0.1634118791,0.1574282767,0.1816355017,0.127983678,8.2105263158,0.0486108778,90.83
45938,0.211315,0.164733,0.425619,3,7.72,0.200355,0.117432,0.410275,1,0.179837,0.141537,0.466536,0.175864,0.137261,0.427461,0.224531,0.168529,0.377667,4,8516.6318178,7000.0442065,2513.7093115,8516.6318178,0.1634118791,0.1574282767,0.1816355017,0.127983678,8.2105263158,0.0486108778,90.83
45938,0.211978,0.152797,0.430386,4,7.72,0.199197,0.118723,0.41934,1,0.181375,0.143028,0.472156,0.179713,0.137854,0.431834,0.214775,0.16622,0.391453,0,8516.6318178,7000.0442065,2513.7093115,8516.6318178,0.1634118791,0.1574282767,0.1816355017,0.127983678,8.2105263158,0.0486108778,90.83
45938,0.219129,0.168489,0.447942,5,7.72,0.213689,0.122592,0.427366,1,0.185318,0.157678,0.484091,0.196198,0.136916,0.423628,0.240751,0.193564,0.424598,2,8516.6318178,7000.0442065,2513.7093115,8516.6318178,0.1634118791,0.1574282767,0.1816355017,0.127983678,8.2105263158,0.0486108778,90.83
45944,0.159498,0.139086,0.361448,1,5.03,0.1658,0.097327,0.374669,1,0.133921,0.119072,0.405931,0.111825,0.089485,0.383138,0.204101,0.134497,0.351142,1,6717.6360846,5461.229598,1822.4827743,6717.6360846,0.1725843601,0.171586544,0.2056874966,0.1490163622,17.35,0,1122.52
45944,0.178522,0.151095,0.39009,2,5.03,0.198213,0.149519,0.443195,1,0.142258,0.134411,0.429901,0.165691,0.103156,0.386743,0.216938,0.172051,0.378164,7,6717.6360846,5461.229598,1822.4827743,6717.6360846,0.1725843601,0.171586544,0.2056874966,0.1490163622,17.35,0,1122.52
45944,0.206509,0.168804,0.421555,3,5.03,0.215476,0.128233,0.433457,1,0.190105,0.155199,0.456632,0.181568,0.138117,0.425139,0.220881,0.164025,0.375023,3,6717.6360846,5461.229598,1822.4827743,6717.6360846,0.1725843601,0.171586544,0.2056874966,0.1490163622,17.35,0,1122.52
45944,0.212651,0.175556,0.4457,4,5.03,0.212784,0.13613,0.459573,1,0.185128,0.163564,0.490153,0.179774,0.146761,0.444954,0.218857,0.174939,0.402707,7,6717.6360846,5461.229598,1822.4827743,6717.6360846,0.1725843601,0.171586544,0.2056874966,0.1490163622,17.35,0,1122.52
45944,0.207724,0.168147,0.438006,5,5.03,0.205303,0.121622,0.454463,1,0.183896,0.148351,0.477143,0.17841,0.132277,0.435391,0.210509,0.163448,0.417354,5,6717.6360846,5461.229598,1822.4827743,6717.6360846,0.1725843601,0.171586544,0.2056874966,0.1490163622,17.35,0,1122.52
45945,0.146152,0.128171,0.36232,1,10.22,0.155485,0.113102,0.384981,0,0.136143,0.113986,0.396235,0.12135,0.085969,0.362943,0.19119,0.15332,0.356239,8,8264.5085535,7407.9354264,2354.71949,8264.5085535,0.1622652868,0.1571531442,0.18034099,0.1345830075,1.8,0.0298921239,31.44
45945,0.143556,0.12084,0.3854,2,10.22,0.144553,0.085726,0.389554,0,0.137418,0.099987,0.404569,0.114799,0.076961,0.366829,0.184753,0.152586,0.380677,6,8264.5085535,7407.9354264,2354.71949,8264.5085535,0.1622652868,0.1571531442,0.18034099,0.1345830075,1.8,0.0298921239,31.44
45945,0.199474,0.152542,0.423839,3,10.22,0.186993,0.103033,0.407728,0,0.178981,0.140284,0.445252,0.164883,0.132914,0.404655,0.210039,0.160968,0.393109,3,8264.5085535,7407.9354264,2354.71949,8264.5085535,0.1622652868,0.1571531442,0.18034099,0.1345830075,1.8,0.0298921239,31.44
45945,0.190258,0.161927,0.441515,4,10.22,0.19753,0.140496,0.444093,0,0.164595,0.157058,0.463576,0.182949,0.142943,0.424119,0.218568,0.175981,0.405354,5,8264.5085535,7407.9354264,2354.71949,8264.5085535,0.1622652868,0.1571531442,0.18034099,0.1345830075,1.8,0.0298921239,31.44
45945,0.208381,0.166466,0.444518,5,10.22,0.210641,0.124312,0.4361,0,0.179817,0.150007,0.457814,0.185107,0.135337,0.418876,0.216593,0.167589,0.413101,8,8264.5085535,7407.9354264,2354.71949,8264.5085535,0.1622652868,0.1571531442,0.18034099,0.1345830075,1.8,0.0298921239,31.44
45946,0.131716,0.138412,0.3742,1,9.53,0.11611,0.107097,0.411665,0,0.117479,0.114206,0.412347,0.103668,0.09567,0.382816,0.167727,0.141824,0.361547,3,8032.743135,7341.4064417,2395.1388935,8032.743135,0.1471557456,0.1392580801,0.1454293831,0.1268991882,7.45,0.0045336788,2.94
45946,0.121494,0.126478,0.38893,2,9.53,0.090419,0.074733,0.41873,0,0.117364,0.096416,0.421151,0.11113,0.101908,0.386374,0.160332,0.147312,0.374633,0,8032.743135,7341.4064417,2395.1388935,8032.743135,0.1471557456,0.1392580801,0.1454293831,0.1268991882,7.45,0.0045336788,2.94
45946,0.180269,0.16187,0.434666,3,9.53,0.161145,0.118527,0.449999,0,0.154005,0.140863,0.477336,0.147677,0.140831,0.427424,0.203482,0.155305,0.393658,1,8032.743135,7341.4064417,2395.1388935,8032.743135,0.1471557456,0.1392580801,0.1454293831,0.1268991882,7.45,0.0045336788,2.94
45946,0.185547,0.158932,0.442187,4,9.53,0.166283,0.119965,0.464037,0,0.167248,0.137752,0.481268,0.155731,0.120542,0.42562,0.199136,0.164934,0.41176,2,8032.743135,7341.4064417,2395.1388935,8032.743135,0.1471557456,0.1392580801,0.1454293831,0.1268991882,7.45,0.0045336788,2.94
45946,0.185484,0.147751,0.452245,5,9.53,0.183676,0.111963,0.469886,0,0.161026,0.133692,0.49392,0.15799,0.110177,0.420776,0.199541,0.154814,0.440801,0,8032.743135,7341.4064417,2395.1388935,8032.743135,0.1471557456,0.1392580801,0.1454293831,0.1268991882,7.45,0.0045336788,2.94
45967,0.163546,0.138522,0.365473,1,10.06,0.170563,0.111678,0.403626,1,0.14805,0.121203,0.419616,0.122129,0.098476,0.388467,0.184767,0.144495,0.372546,3,7715.6704538,6619.8644748,2358.4841765,7715.6704538,0.1620113891,0.1565157424,0.1849422252,0.1329395357,7.05,0.0051847368,2780.65
45967,0.168044,0.140617,0.399196,2,10.06,0.186188,0.121654,0.424261,1,0.157448,0.120376,0.443189,0.133356,0.096575,0.387899,0.1921,0.167185,0.402798,4,7715.6704538,6619.8644748,2358.4841765,7715.6704538,0.1620113891,0.1565157424,0.1849422252,0.1329395357,7.05,0.0051847368,2780.65
45967,0.181767,0.152614,0.423169,3,10.06,0.169701,0.11202,0.420635,1,0.16155,0.136455,0.474664,0.157168,0.128412,0.423683,0.188071,0.148686,0.391171,3,7715.6704538,6619.8644748,2358.4841765,7715.6704538,0.1620113891,0.1565157424,0.1849422252,0.1329395357,7.05,0.0051847368,2780.65
45967,0.190703,0.158015,0.433707,4,10.06,0.19189,0.125892,0.437687,1,0.156522,0.136933,0.475782,0.170003,0.134117,0.427032,0.205578,0.188029,0.423083,5,7715.6704538,6619.8644748,2358.4841765,7715.6704538,0.1620113891,0.1565157424,0.1849422252,0.1329395357,7.05,0.0051847368,2780.65
45967,0.217967,0.172672,0.454126,5,10.06,0.216437,0.126529,0.439189,1,0.194478,0.147341,0.498865,0.192854,0.135893,0.445031,0.232028,0.190133,0.43312,4,7715.6704538,6619.8644748,2358.4841765,7715.6704538,0.1620113891,0.1565157424,0.1849422252,0.1329395357,7.05,0.0051847368,2780.65
45975,0.121003,0.129327,0.37137,1,6.83,0.12448,0.107809,0.388371,1,0.104088,0.117713,0.408486,0.082281,0.090065,0.393859,0.160029,0.121392,0.351929,2,8468.221601,8334.1358634,2451.2532062,8468.221601,0.1391804321,0.135683922,0.1644781186,0.1245360226,10.473684211,0.0245928947,383.48
45975,0.137767,0.131115,0.396768,2,6.83,0.128092,0.086576,0.395081,1,0.124231,0.105998,0.429693,0.109642,0.092529,0.409002,0.16686,0.138954,0.378463,0,8468.221601,8334.1358634,2451.2532062,8468.221601,0.1391804321,0.135683922,0.1644781186,0.1245360226,10.473684211,0.0245928947,383.48
45975,0.17112,0.147392,0.425313,3,6.83,0.175594,0.13118,0.427152,1,0.14835,0.134461,0.470684,0.157322,0.117419,0.423511,0.201126,0.137361,0.371397,1,8468.221601,8334.1358634,2451.2532062,8468.221601,0.1391804321,0.135683922,0.1644781186,0.1245360226,10.473684211,0.0245928947,383.48
45975,0.192067,0.148064,0.443446,4,6.83,0.193999,0.109532,0.434016,1,0.147741,0.127519,0.474375,0.147015,0.118874,0.439883,0.214467,0.158018,0.418174,0,8468.221601,8334.1358634,2451.2532062,8468.221601,0.1391804321,0.135683922,0.1644781186,0.1245360226,10.473684211,0.0245928947,383.48
45975,0.172856,0.145217,0.45591,5,6.83,0.165613,0.102858,0.428167,1,0.148231,0.132791,0.491927,0.139716,0.11252,0.436818,0.194984,0.155572,0.435419,1,8468.221601,8334.1358634,2451.2532062,8468.221601,0.1391804321,0.135683922,0.1644781186,0.1245360226,10.473684211,0.0245928947,383.48
45976,0.151993,0.14376,0.369463,1,5.77,0.155793,0.107563,0.397386,1,0.142251,0.119852,0.412981,0.116332,0.092749,0.391254,0.190974,0.155816,0.375043,3,7545.1130579,6624.7999622,2209.1210151,7545.1130579,0.1701225763,0.1601698217,0.194211664,0.1358091791,9.25,0.0340792035,826.71
45976,0.169726,0.142914,0.386691,2,5.77,0.165649,0.103899,0.414407,1,0.137201,0.112017,0.431916,0.119842,0.091411,0.402684,0.196453,0.142031,0.370808,0,7545.1130579,6624.7999622,2209.1210151,7545.1130579,0.1701225763,0.1601698217,0.194211664,0.1358091791,9.25,0.0340792035,826.71
45976,0.209917,0.164717,0.420844,3,5.77,0.200786,0.131606,0.430941,1,0.178541,0.144302,0.47186,0.171342,0.144598,0.447423,0.211282,0.138042,0.375796,3,7545.1130579,6624.7999622,2209.1210151,7545.1130579,0.1701225763,0.1601698217,0.194211664,0.1358091791,9.25,0.0340792035,826.71
45976,0.215019,0.170999,0.439462,4,5.77,0.212036,0.123948,0.45783,1,0.186235,0.146649,0.479822,0.178813,0.130289,0.427197,0.223766,0.171069,0.411784,2,7545.1130579,6624.7999622,2209.1210151,7545.1130579,0.1701225763,0.1601698217,0.194211664,0.1358091791,9.25,0.0340792035,826.71
45976,0.220685,0.168032,0.454137,5,5.77,0.217168,0.117783,0.441897,1,0.193849,0.145765,0.487473,0.195869,0.121796,0.438973,0.220633,0.174185,0.448035,4,7545.1130579,6624.7999622,2209.1210151,7545.1130579,0.1701225763,0.1601698217,0.194211664,0.1358091791,9.25,0.0340792035,826.71
45994,0.118523,0.109894,0.351601,1,8.88,0.101885,0.077847,0.357972,0,0.127759,0.090022,0.390817,0.097813,0.066647,0.348202,0.160468,0.124916,0.354308,3,7317.4940126,6919.0186681,2167.5765294,7317.4940126,0.1674219416,0.1405611718,0.1559162021,0.1260626992,7.1578947368,0.0366004279,0.81
45994,0.134683,0.110433,0.381423,2,8.88,0.110477,0.062197,0.365128,0,0.131821,0.083779,0.409659,0.104495,0.062654,0.35442,0.170047,0.132601,0.388991,1,7317.4940126,6919.0186681,2167.5765294,7317.4940126,0.1674219416,0.1405611718,0.1559162021,0.1260626992,7.1578947368,0.0366004279,0.81
45994,0.188813,0.160569,0.435827,3,8.88,0.180797,0.123393,0.428874,0,0.179237,0.143792,0.469639,0.156169,0.115089,0.404994,0.214345,0.181724,0.412077,1,7317.4940126,6919.0186681,2167.5765294,7317.4940126,0.1674219416,0.1405611718,0.1559162021,0.1260626992,7.1578947368,0.0366004279,0.81
45994,0.201176,0.153305,0.438865,4,8.88,0.17366,0.098093,0.413554,0,0.191699,0.146147,0.472235,0.156005,0.106865,0.392118,0.21898,0.153409,0.413396,2,7317.4940126,6919.0186681,2167.5765294,7317.4940126,0.1674219416,0.1405611718,0.1559162021,0.1260626992,7.1578947368,0.0366004279,0.81
45994,0.196129,0.15792,0.449562,5,8.88,0.175096,0.10639,0.41591,0,0.176838,0.140446,0.470682,0.163438,0.109425,0.40113,0.217507,0.172582,0.442797,5,7317.4940126,6919.0186681,2167.5765294,7317.4940126,0.1674219416,0.1405611718,0.1559162021,0.1260626992,7.1578947368,0.0366004279,0.81
45996,0.165706,0.122373,0.350909,1,8.01,0.165184,0.070369,0.399032,0,0.166777,0.092278,0.390323,0.142889,0.073827,0.376864,0.193414,0.151237,0.368745,0,7826.8428589,6966.7388581,2226.9255668,7826.8428589,0.1979079715,0.1812909332,0.2007857238,0.1301636616,2.4,0.0028052943,59.5
45996,0.182761,0.130328,0.370462,2,8.01,0.167382,0.070849,0.381685,0,0.179349,0.095141,0.394409,0.149544,0.07632,0.352771,0.196305,0.173062,0.376308,1,7826.8428589,6966.7388581,2226.9255668,7826.8428589,0.1979079715,0.1812909332,0.2007857238,0.1301636616,2.4,0.0028052943,59.5
45996,0.225503,0.166557,0.429745,3,8.01,0.215165,0.111597,0.445786,0,0.208224,0.14123,0.463182,0.18959,0.131005,0.423655,0.221011,0.164754,0.388303,7,7826.8428589,6966.7388581,2226.9255668,7826.8428589,0.1979079715,0.1812909332,0.2007857238,0.1301636616,2.4,0.0028052943,59.5
45996,0.221101,0.169346,0.435559,4,8.01,0.217767,0.123564,0.465654,0,0.213654,0.153738,0.478645,0.206335,0.138621,0.430707,0.237353,0.190717,0.392539,1,7826.8428589,6966.7388581,2226.9255668,7826.8428589,0.1979079715,0.1812909332,0.2007857238,0.1301636616,2.4,0.0028052943,59.5
45996,0.22121,0.16276,0.443761,5,8.01,0.213212,0.123257,0.479291,0,0.191625,0.140731,0.470548,0.1896,0.120352,0.428024,0.231978,0.184264,0.415938,7,7826.8428589,6966.7388581,2226.9255668,7826.8428589,0.1979079715,0.1812909332,0.2007857238,0.1301636616,2.4,0.0028052943,59.5
45998,0.143893,0.125111,0.367902,1,6.1,0.150121,0.096952,0.364683,1,0.140673,0.110955,0.411659,0.131991,0.087722,0.389195,0.195538,0.147018,0.384737,2,6781.7859488,6289.3277918,2220.0939966,6781.7859488,0.1836860332,0.1631877708,0.1952294521,0.1267290374,3.45,0.0107349248,947.75
45998,0.175637,0.122461,0.380761,2,6.1,0.177539,0.063332,0.347432,1,0.169266,0.090873,0.41819,0.151166,0.065491,0.368474,0.195074,0.15321,0.37566,3,6781.7859488,6289.3277918,2220.0939966,6781.7859488,0.1836860332,0.1631877708,0.1952294521,0.1267290374,3.45,0.0107349248,947.75
45998,0.199971,0.156666,0.422128,3,6.1,0.197784,0.113475,0.395786,1,0.195343,0.141113,0.464568,0.161589,0.116189,0.408148,0.213286,0.165129,0.391525,3,6781.7859488,6289.3277918,2220.0939966,6781.7859488,0.1836860332,0.1631877708,0.1952294521,0.1267290374,3.45,0.0107349248,947.75
45998,0.20615,0.154854,0.435511,4,6.1,0.204121,0.096021,0.398448,1,0.187583,0.136395,0.474343,0.166314,0.108901,0.408444,0.193543,0.169365,0.412582,5,6781.7859488,6289.3277918,2220.0939966,6781.7859488,0.1836860332,0.1631877708,0.1952294521,0.1267290374,3.45,0.0107349248,947.75
45998,0.230408,0.164656,0.449639,5,6.1,0.233239,0.123594,0.407886,1,0.201545,0.14796,0.484742,0.204916,0.128609,0.43624,0.230315,0.174886,0.43571,2,6781.7859488,6289.3277918,2220.0939966,6781.7859488,0.1836860332,0.1631877708,0.1952294521,0.1267290374,3.45,0.0107349248,947.75
46002,0.148359,0.127542,0.349806,1,7.23,0.156897,0.095506,0.355057,1,0.151904,0.097123,0.39153,0.11998,0.081424,0.364808,0.172541,0.147445,0.33694,1,7071.1859152,6804.0825273,2373.1952267,7071.1859152,0.165234851,0.1401530432,0.1788964832,0.119267021,25.333333333,0.0361590363,535.77
46002,0.130883,0.102248,0.355475,2,7.23,0.142862,0.062227,0.333754,1,0.130848,0.07008,0.390576,0.099463,0.052937,0.342791,0.151665,0.125696,0.326918,0,7071.1859152,6804.0825273,2373.1952267,7071.1859152,0.165234851,0.1401530432,0.1788964832,0.119267021,25.333333333,0.0361590363,535.77
46002,0.192497,0.155954,0.39949,3,7.23,0.200971,0.123723,0.393294,1,0.171385,0.135184,0.446483,0.148538,0.129691,0.390123,0.194653,0.151908,0.337335,3,7071.1859152,6804.0825273,2373.1952267,7071.1859152,0.165234851,0.1401530432,0.1788964832,0.119267021,25.333333333,0.0361590363,535.77
46002,0.188587,0.149695,0.411053,4,7.23,0.173045,0.112429,0.403077,1,0.178408,0.137715,0.449923,0.148366,0.117369,0.400377,0.188227,0.153948,0.360776,5,7071.1859152,6804.0825273,2373.1952267,7071.1859152,0.165234851,0.1401530432,0.1788964832,0.119267021,25.333333333,0.0361590363,535.77
46002,0.218969,0.169598,0.442768,5,7.23,0.220246,0.127553,0.432396,1,0.195417,0.146717,0.470848,0.192906,0.123414,0.426063,0.224102,0.182873,0.407647,12,7071.1859152,6804.0825273,2373.1952267,7071.1859152,0.165234851,0.1401530432,0.1788964832,0.119267021,25.333333333,0.0361590363,535.77
46007,0.123607,0.118975,0.370088,1,9.74,0.117103,0.083467,0.395095,0,0.13004,0.109362,0.413463,0.109741,0.093958,0.379164,0.162038,0.140221,0.401018,0,9059.4185294,8258.4076429,2751.9035756,9059.4185294,0.1682910567,0.16333635,0.1824035311,0.1329517601,3.7368421053,0.0443075343,0.91
46007,0.125082,0.090063,0.367883,2,9.74,0.127763,0.066394,0.392214,0,0.112202,0.075434,0.412642,0.090098,0.058199,0.366718,0.156504,0.094681,0.361775,2,9059.4185294,8258.4076429,2751.9035756,9059.4185294,0.1682910567,0.16333635,0.1824035311,0.1329517601,3.7368421053,0.0443075343,0.91
46007,0.198215,0.1669,0.446869,3,9.74,0.203463,0.146707,0.473253,0,0.183341,0.154222,0.489897,0.200124,0.137216,0.422816,0.224853,0.167936,0.418104,5,9059.4185294,8258.4076429,2751.9035756,9059.4185294,0.1682910567,0.16333635,0.1824035311,0.1329517601,3.7368421053,0.0443075343,0.91
46007,0.209484,0.162079,0.458976,4,9.74,0.211017,0.104144,0.458396,0,0.202493,0.156013,0.500088,0.188985,0.123238,0.430314,0.224703,0.177697,0.432786,5,9059.4185294,8258.4076429,2751.9035756,9059.4185294,0.1682910567,0.16333635,0.1824035311,0.1329517601,3.7368421053,0.0443075343,0.91
46007,0.214492,0.169655,0.469299,5,9.74,0.213004,0.120854,0.464481,0,0.186751,0.153858,0.498907,0.188678,0.137023,0.447989,0.233604,0.187162,0.483491,7,9059.4185294,8258.4076429,2751.9035756,9059.4185294,0.1682910567,0.16333635,0.1824035311,0.1329517601,3.7368421053,0.0443075343,0.91
46011,0.155839,0.135667,0.350118,1,5.62,0.153631,0.11056,0.373841,0,0.145193,0.107791,0.394174,0.127571,0.082148,0.366454,0.196162,0.1636,0.362601,2,7831.6676047,6758.7014824,2186.8661307,7831.6676047,0.1710214217,0.1651545197,0.194709835,0.1258262169,3.4,0.0258964671,1.63
46011,0.163588,0.123341,0.349578,2,5.62,0.162224,0.099361,0.37146,0,0.126816,0.100156,0.403575,0.121434,0.076805,0.363002,0.200255,0.135984,0.334214,2,7831.6676047,6758.7014824,2186.8661307,7831.6676047,0.1710214217,0.1651545197,0.194709835,0.1258262169,3.4,0.0258964671,1.63
46011,0.216327,0.160356,0.418376,3,5.62,0.20253,0.099439,0.412189,0,0.182978,0.132098,0.461418,0.172841,0.110208,0.409357,0.22368,0.171274,0.373719,0,7831.6676047,6758.7014824,2186.8661307,7831.6676047,0.1710214217,0.1651545197,0.194709835,0.1258262169,3.4,0.0258964671,1.63
46011,0.233867,0.164807,0.432633,4,5.62,0.216833,0.115643,0.428559,0,0.19103,0.138484,0.473155,0.190189,0.13222,0.421065,0.247426,0.176552,0.388583,7,7831.6676047,6758.7014824,2186.8661307,7831.6676047,0.1710214217,0.1651545197,0.194709835,0.1258262169,3.4,0.0258964671,1.63
46011,0.232022,0.170034,0.442311,5,5.62,0.215098,0.124857,0.438287,0,0.198434,0.143153,0.469718,0.199125,0.128415,0.42541,0.232649,0.200827,0.42719,3,7831.6676047,6758.7014824,2186.8661307,7831.6676047,0.1710214217,0.1651545197,0.194709835,0.1258262169,3.4,0.0258964671,1.63
46021,0.15351,0.134025,0.358636,1,9.14,0.152656,0.127472,0.368462,0,0.131474,0.11266,0.404205,0.140522,0.09523,0.356924,0.193689,0.130007,0.329827,3,7298.4034957,6552.198188,2142.3232521,7298.4034957,0.157951035,0.1527758722,0.1666527491,0.1286736821,3.15,0.0348761877,
46021,0.13284,0.103972,0.362957,2,9.14,0.140742,0.074625,0.356578,0,0.119251,0.078803,0.4024,0.10375,0.053196,0.350283,0.173082,0.134733,0.346834,1,7298.4034957,6552.198188,2142.3232521,7298.4034957,0.157951035,0.1527758722,0.1666527491,0.1286736821,3.15,0.0348761877,
46021,0.184263,0.155302,0.416804,3,9.14,0.159449,0.10497,0.388515,0,0.179744,0.137616,0.450917,0.156787,0.102628,0.386859,0.196091,0.154863,0.373986,3,7298.4034957,6552.198188,2142.3232521,7298.4034957,0.157951035,0.1527758722,0.1666527491,0.1286736821,3.15,0.0348761877,
46021,0.195073,0.172153,0.436215,4,9.14,0.188709,0.143683,0.413158,0,0.164435,0.155007,0.473614,0.180761,0.156645,0.417943,0.225819,0.182021,0.388352,7,7298.4034957,6552.198188,2142.3232521,7298.4034957,0.157951035,0.1527758722,0.1666527491,0.1286736821,3.15,0.0348761877,
46021,0.203539,0.16977,0.441107,5,9.14,0.193301,0.130921,0.407714,0,0.176149,0.150155,0.465187,0.179599,0.135025,0.415168,0.220217,0.175912,0.401593,7,7298.4034957,6552.198188,2142.3232521,7298.4034957,0.157951035,0.1527758722,0.1666527491,0.1286736821,3.15,0.0348761877,
46023,0.142635,0.109469,0.364845,1,9.09,0.113684,0.065246,0.370919,1,0.148724,0.078999,0.406244,0.122275,0.075687,0.381014,0.170646,0.143495,0.372837,2,7421.3287029,6430.6493473,2075.4867418,7421.3287029,0.1696059937,0.1573399201,0.1811855858,0.1186154678,9.4117647059,0.0041032216,240.27
46023,0.122101,0.101395,0.390464,2,9.09,0.112059,0.060686,0.396361,1,0.111116,0.071664,0.438892,0.0831,0.055133,0.389193,0.157903,0.130623,0.365798,0,7421.3287029,6430.6493473,2075.4867418,7421.3287029,0.1696059937,0.1573399201,0.1811855858,0.1186154678,9.4117647059,0.0041032216,240.27
46023,0.205731,0.158782,0.454444,3,9.09,0.199409,0.116036,0.45596,1,0.178497,0.133601,0.503075,0.172022,0.121163,0.449803,0.213869,0.179251,0.408863,6,7421.3287029,6430.6493473,2075.4867418,7421.3287029,0.1696059937,0.1573399201,0.1811855858,0.1186154678,9.4117647059,0.0041032216,240.27
46023,0.243841,0.173106,0.465299,4,9.09,0.230616,0.115313,0.441292,1,0.209802,0.142899,0.506089,0.202,0.12012,0.443238,0.229604,0.197035,0.422105,4,7421.3287029,6430.6493473,2075.4867418,7421.3287029,0.1696059937,0.1573399201,0.1811855858,0.1186154678,9.4117647059,0.0041032216,240.27
46023,0.214042,0.166452,0.475919,5,9.09,0.202816,0.119843,0.461546,1,0.184269,0.143647,0.510281,0.187467,0.129306,0.452322,0.220002,0.180322,0.43661,5,7421.3287029,6430.6493473,2075.4867418,7421.3287029,0.1696059937,0.1573399201,0.1811855858,0.1186154678,9.4117647059,0.0041032216,240.27
46024,0.124371,0.109283,0.337032,1,6.18,0.124581,0.079118,0.371112,0,0.118023,0.078548,0.389489,0.094933,0.05881,0.370256,0.169487,0.124179,0.340182,0,7262.6158606,6307.207267,2074.8181986,7262.6158606,0.1653924433,0.1468579051,0.174698461,0.1238980588,0.7647058824,0.0009660055,
46024,0.145714,0.115557,0.363968,2,6.18,0.133756,0.073168,0.373345,0,0.150884,0.087168,0.413295,0.113083,0.070495,0.380433,0.178823,0.147705,0.354825,1,7262.6158606,6307.207267,2074.8181986,7262.6158606,0.1653924433,0.1468579051,0.174698461,0.1238980588,0.7647058824,0.0009660055,
46024,0.177229,0.152059,0.404043,3,6.18,0.184933,0.112158,0.399605,0,0.171517,0.134276,0.453018,0.153801,0.114726,0.404693,0.196953,0.152691,0.356499,7,7262.6158606,6307.207267,2074.8181986,7262.6158606,0.1653924433,0.1468579051,0.174698461,0.1238980588,0.7647058824,0.0009660055,
46024,0.193505,0.164949,0.426923,4,6.18,0.204226,0.128392,0.433037,0,0.184875,0.150861,0.467536,0.172802,0.135358,0.43161,0.207035,0.163645,0.375658,4,7262.6158606,6307.207267,2074.8181986,7262.6158606,0.1653924433,0.1468579051,0.174698461,0.1238980588,0.7647058824,0.0009660055,
46024,0.18939,0.1551,0.433065,5,6.18,0.19478,0.116218,0.429933,0,0.164831,0.137895,0.472987,0.170844,0.120736,0.429827,0.202156,0.162814,0.407449,10,7262.6158606,6307.207267,2074.8181986,7262.6158606,0.1653924433,0.1468579051,0.174698461,0.1238980588,0.7647058824,0.0009660055,
46029,0.162595,0.14053,0.340916,1,7.36,0.190141,0.138416,0.411231,1,0.146444,0.121594,0.399889,0.142554,0.079557,0.350442,0.200294,0.151061,0.321651,0,,,,,,,,,5.9166666667,,487.17
46029,0.15554,0.130629,0.384157,2,7.36,0.16006,0.078847,0.397151,1,0.147198,0.096942,0.41804,0.111334,0.080271,0.381162,0.18988,0.145033,0.362453,3,,,,,,,,,5.9166666667,,487.17
46029,0.198124,0.166644,0.429005,3,7.36,0.203007,0.116169,0.435062,1,0.175424,0.137052,0.464357,0.176406,0.114623,0.412734,0.219198,0.176277,0.381355,1,,,,,,,,,5.9166666667,,487.17
46029,0.227892,0.175671,0.448345,4,7.36,0.226578,0.121216,0.440917,1,0.204444,0.147721,0.48512,0.193616,0.133834,0.429093,0.215035,0.177697,0.410729,4,,,,,,,,,5.9166666667,,487.17
46030,0.160991,0.118509,0.343524,1,7.34,0.13212,0.059716,0.326497,1,0.157495,0.080004,0.381152,0.140025,0.06874,0.334543,0.180938,0.153925,0.343095,1,6906.4135978,5787.6578799,1928.4224416,6906.4135978,0.1656329757,0.1590947238,0.1736497628,0.1384899824,2.25,0.0033005292,359.9
46030,0.144511,0.121061,0.384782,2,7.34,0.143668,0.09581,0.413418,1,0.12748,0.100054,0.427456,0.1203,0.073785,0.375574,0.189499,0.146983,0.373347,0,6906.4135978,5787.6578799,1928.4224416,6906.4135978,0.1656329757,0.1590947238,0.1736497628,0.1384899824,2.25,0.0033005292,359.9
46030,0.182724,0.164741,0.430627,3,7.34,0.175758,0.125914,0.444735,1,0.178378,0.156474,0.471733,0.173514,0.153322,0.4364,0.203477,0.170339,0.40042,6,6906.4135978,5787.6578799,1928.4224416,6906.4135978,0.1656329757,0.1590947238,0.1736497628,0.1384899824,2.25,0.0033005292,359.9
46030,0.199907,0.172669,0.441327,4,7.34,0.197101,0.130337,0.449364,1,0.177527,0.161194,0.4833,0.177783,0.13594,0.430538,0.212727,0.184029,0.412654,2,6906.4135978,5787.6578799,1928.4224416,6906.4135978,0.1656329757,0.1590947238,0.1736497628,0.1384899824,2.25,0.0033005292,359.9
46030,0.214776,0.173993,0.44753,5,7.34,0.201832,0.123492,0.430696,1,0.186251,0.154704,0.479912,0.168163,0.125214,0.422723,0.228337,0.186278,0.421171,6,6906.4135978,5787.6578799,1928.4224416,6906.4135978,0.1656329757,0.1590947238,0.1736497628,0.1384899824,2.25,0.0033005292,359.9
46046,0.127585,0.115861,0.324926,1,8.68,0.143261,0.111095,0.37205,1,0.114445,0.101035,0.390599,0.106433,0.080394,0.326169,0.186472,0.130806,0.309889,3,6280.1940562,5109.9662332,1800.5709757,6280.1940562,0.1836032429,0.176226888,0.2240563393,0.1338458129,14.789473684,0.0736804836,718.52
46046,0.175988,0.136024,0.366538,2,8.68,0.188454,0.101821,0.385738,1,0.14699,0.099133,0.405748,0.130824,0.077889,0.35037,0.215028,0.168343,0.343234,0,6280.1940562,5109.9662332,1800.5709757,6280.1940562,0.1836032429,0.176226888,0.2240563393,0.1338458129,14.789473684,0.0736804836,718.52
46046,0.23804,0.167189,0.407813,3,8.68,0.246081,0.125046,0.412115,1,0.207883,0.143151,0.445818,0.192234,0.126952,0.394212,0.246762,0.19544,0.369883,0,6280.1940562,5109.9662332,1800.5709757,6280.1940562,0.1836032429,0.176226888,0.2240563393,0.1338458129,14.789473684,0.0736804836,718.52
46046,0.234236,0.179114,0.423187,4,8.68,0.246385,0.144768,0.427883,1,0.199679,0.155319,0.46884,0.208739,0.147974,0.413889,0.247757,0.233103,0.39031,5,6280.1940562,5109.9662332,1800.5709757,6280.1940562,0.1836032429,0.176226888,0.2240563393,0.1338458129,14.789473684,0.0736804836,718.52
46046,0.228563,0.169495,0.42649,5,8.68,0.238361,0.118992,0.423068,1,0.200743,0.150013,0.470716,0.194852,0.128135,0.404284,0.234175,0.203293,0.395108,8,6280.1940562,5109.9662332,1800.5709757,6280.1940562,0.1836032429,0.176226888,0.2240563393,0.1338458129,14.789473684,0.0736804836,718.52
46052,0.138427,0.127973,0.353191,1,5.85,0.133218,0.105642,0.370471,0,0.131126,0.118836,0.417709,0.116545,0.106654,0.37488,0.177445,0.143942,0.322541,5,8213.9527582,6043.1496138,2423.0532997,8213.9527582,0.1809504673,0.1744567893,0.1954021419,0.1419161864,6.7368421053,0.0122637842,
46052,0.17896,0.150833,0.401343,2,5.85,0.182359,0.108905,0.389208,0,0.157334,0.129296,0.457933,0.145377,0.10355,0.38831,0.22355,0.182414,0.369001,3,8213.9527582,6043.1496138,2423.0532997,8213.9527582,0.1809504673,0.1744567893,0.1954021419,0.1419161864,6.7368421053,0.0122637842,
46052,0.212533,0.169192,0.434407,3,5.85,0.19585,0.110275,0.40871,0,0.190111,0.143786,0.478912,0.181606,0.128503,0.402498,0.225438,0.190368,0.362287,3,8213.9527582,6043.1496138,2423.0532997,8213.9527582,0.1809504673,0.1744567893,0.1954021419,0.1419161864,6.7368421053,0.0122637842,
46052,0.231501,0.17268,0.452429,4,5.85,0.218917,0.128136,0.442016,0,0.201894,0.154257,0.497161,0.201205,0.142842,0.421228,0.246115,0.207216,0.388995,3,8213.9527582,6043.1496138,2423.0532997,8213.9527582,0.1809504673,0.1744567893,0.1954021419,0.1419161864,6.7368421053,0.0122637842,
46052,0.215596,0.166555,0.453826,5,5.85,0.207981,0.118971,0.425991,0,0.18825,0.149212,0.494838,0.19061,0.130837,0.422339,0.234463,0.197831,0.393434,8,8213.9527582,6043.1496138,2423.0532997,8213.9527582,0.1809504673,0.1744567893,0.1954021419,0.1419161864,6.7368421053,0.0122637842,
46054,0.150088,0.118765,0.357705,1,5.55,0.141389,0.083057,0.367326,0,0.158167,0.092925,0.413745,0.13083,0.08433,0.379025,0.172306,0.14622,0.361862,2,7761.5845805,6958.8770554,2238.767521,7761.5845805,0.1805776342,0.1673441862,0.1843320768,0.1321263507,14.65,0.0057507312,0.53
46054,0.169324,0.136317,0.395981,2,5.55,0.160359,0.097878,0.399544,0,0.164732,0.113569,0.450837,0.142752,0.094982,0.398691,0.186687,0.148273,0.372116,1,7761.5845805,6958.8770554,2238.767521,7761.5845805,0.1805776342,0.1673441862,0.1843320768,0.1321263507,14.65,0.0057507312,0.53
46054,0.205037,0.157639,0.427801,3,5.55,0.180262,0.100248,0.40364,0,0.192261,0.135106,0.47631,0.175954,0.127412,0.417059,0.197354,0.159784,0.374674,0,7761.5845805,6958.8770554,2238.767521,7761.5845805,0.1805776342,0.1673441862,0.1843320768,0.1321263507,14.65,0.0057507312,0.53
46054,0.215818,0.165936,0.456013,4,5.55,0.215684,0.120551,0.438938,0,0.187524,0.147291,0.502702,0.186808,0.135203,0.437766,0.218815,0.169994,0.411166,8,7761.5845805,6958.8770554,2238.767521,7761.5845805,0.1805776342,0.1673441862,0.1843320768,0.1321263507,14.65,0.0057507312,0.53
46054,0.204677,0.166828,0.466219,5,5.55,0.200785,0.122941,0.447748,0,0.179427,0.154089,0.513881,0.17301,0.12937,0.447541,0.227947,0.174497,0.434277,3,7761.5845805,6958.8770554,2238.767521,7761.5845805,0.1805776342,0.1673441862,0.1843320768,0.1321263507,14.65,0.0057507312,0.53
46060,0.134131,0.120888,0.357087,1,8.31,0.132143,0.097741,0.395244,0,0.113945,0.097708,0.390471,0.102121,0.080752,0.386921,0.172375,0.126745,0.368156,4,8163.7656145,7863.636149,2373.4733291,8163.7656145,0.1722728977,0.1591134348,0.1809136052,0.133215649,7.5789473684,0,
46060,0.159164,0.131698,0.378474,2,8.31,0.151347,0.086243,0.391249,0,0.145948,0.106556,0.407056,0.120825,0.086194,0.395532,0.171754,0.14261,0.38006,1,8163.7656145,7863.636149,2373.4733291,8163.7656145,0.1722728977,0.1591134348,0.1809136052,0.133215649,7.5789473684,0,
46060,0.187148,0.160911,0.420978,3,8.31,0.182911,0.112249,0.407962,0,0.189652,0.14174,0.449928,0.170468,0.110813,0.403659,0.186479,0.169652,0.411151,0,8163.7656145,7863.636149,2373.4733291,8163.7656145,0.1722728977,0.1591134348,0.1809136052,0.133215649,7.5789473684,0,
46060,0.219408,0.171674,0.437401,4,8.31,0.218129,0.127879,0.434014,0,0.189562,0.150838,0.464479,0.193177,0.118478,0.414696,0.220155,0.20831,0.430856,1,8163.7656145,7863.636149,2373.4733291,8163.7656145,0.1722728977,0.1591134348,0.1809136052,0.133215649,7.5789473684,0,
46060,0.193847,0.163676,0.449675,5,8.31,0.180867,0.118809,0.446933,0,0.177158,0.147124,0.478957,0.164324,0.118683,0.428027,0.206127,0.176774,0.435745,7,8163.7656145,7863.636149,2373.4733291,8163.7656145,0.1722728977,0.1591134348,0.1809136052,0.133215649,7.5789473684,0,
46064,0.12496,0.118566,0.350874,1,6.28,0.12867,0.088452,0.377633,0,0.126571,0.100406,0.40945,0.108445,0.080478,0.390749,0.175605,0.134292,0.369628,0,7066.9251303,6265.658958,2077.8699311,7066.9251303,0.1569354857,0.1422290361,0.1712285349,0.128718613,1.3,0.0173098854,3.59
46064,0.138861,0.112081,0.375135,2,6.28,0.152644,0.102172,0.41931,0,0.126797,0.094501,0.427316,0.108873,0.070467,0.379778,0.176523,0.132902,0.373917,3,7066.9251303,6265.658958,2077.8699311,7066.9251303,0.1569354857,0.1422290361,0.1712285349,0.128718613,1.3,0.0173098854,3.59
46064,0.179913,0.157112,0.417437,3,6.28,0.172423,0.124411,0.439779,0,0.165092,0.136889,0.463783,0.149655,0.127292,0.428523,0.197962,0.170492,0.387078,3,7066.9251303,6265.658958,2077.8699311,7066.9251303,0.1569354857,0.1422290361,0.1712285349,0.128718613,1.3,0.0173098854,3.59
46064,0.19087,0.164902,0.429676,4,6.28,0.195797,0.132014,0.462315,0,0.178034,0.147516,0.473906,0.163144,0.134256,0.429737,0.200681,0.165129,0.38371,2,7066.9251303,6265.658958,2077.8699311,7066.9251303,0.1569354857,0.1422290361,0.1712285349,0.128718613,1.3,0.0173098854,3.59
46064,0.179056,0.163014,0.453679,5,6.28,0.177622,0.128164,0.478665,0,0.167756,0.151988,0.496079,0.164559,0.138767,0.460103,0.213567,0.174916,0.422702,11,7066.9251303,6265.658958,2077.8699311,7066.9251303,0.1569354857,0.1422290361,0.1712285349,0.128718613,1.3,0.0173098854,3.59
46068,0.144622,0.132975,0.338919,1,9.62,0.163711,0.104377,0.345091,1,0.127517,0.110652,0.393821,0.105744,0.102632,0.337565,0.175463,0.132548,0.315273,6,5596.3269807,4803.5538057,1629.3137691,5596.3269807,0.1801894668,0.1761039638,0.2264240114,0.1391778507,4.75,0.058024283,4341.71
46068,0.184101,0.156119,0.389605,2,9.62,0.20105,0.10845,0.384661,1,0.169191,0.124926,0.427338,0.143164,0.102693,0.375169,0.208571,0.173571,0.340436,3,5596.3269807,4803.5538057,1629.3137691,5596.3269807,0.1801894668,0.1761039638,0.2264240114,0.1391778507,4.75,0.058024283,4341.71
46068,0.235113,0.172371,0.409576,3,9.62,0.275667,0.16732,0.440765,1,0.193164,0.142361,0.451506,0.219665,0.139783,0.394247,0.247952,0.210137,0.346059,3,5596.3269807,4803.5538057,1629.3137691,5596.3269807,0.1801894668,0.1761039638,0.2264240114,0.1391778507,4.75,0.058024283,4341.71
46068,0.207316,0.173891,0.43413,4,9.62,0.205238,0.117818,0.425086,1,0.183726,0.147568,0.466336,0.167839,0.131501,0.416777,0.20633,0.176688,0.376429,4,5596.3269807,4803.5538057,1629.3137691,5596.3269807,0.1801894668,0.1761039638,0.2264240114,0.1391778507,4.75,0.058024283,4341.71
46068,0.230229,0.182298,0.442788,5,9.62,0.238322,0.134025,0.425845,1,0.195255,0.159114,0.487323,0.193364,0.14228,0.431488,0.238164,0.190155,0.38402,4,5596.3269807,4803.5538057,1629.3137691,5596.3269807,0.1801894668,0.1761039638,0.2264240114,0.1391778507,4.75,0.058024283,4341.71
46070,,,,,,,,,,,,,,,,,,,,,,,,,,,,,,618.93
46071,0.134323,0.121265,0.335822,1,7.54,0.155323,0.07814,0.366985,1,0.130082,0.101857,0.383233,0.111975,0.079169,0.347284,0.181853,0.135648,0.337734,1,6597.5166275,5977.6125671,2020.1443226,6597.5166275,0.1879724572,0.1744466804,0.2092381414,0.1306051741,1.7894736842,0.2844302129,1287.29
46071,0.166515,0.121766,0.351701,2,7.54,0.170992,0.064027,0.347689,1,0.161856,0.089196,0.38693,0.139018,0.082218,0.337421,0.185454,0.137396,0.340178,4,6597.5166275,5977.6125671,2020.1443226,6597.5166275,0.1879724572,0.1744466804,0.2092381414,0.1306051741,1.7894736842,0.2844302129,1287.29
46071,0.201806,0.163566,0.400607,3,7.54,0.203594,0.12284,0.410162,1,0.184541,0.143203,0.432571,0.175236,0.13619,0.391079,0.211982,0.160017,0.368907,2,6597.5166275,5977.6125671,2020.1443226,6597.5166275,0.1879724572,0.1744466804,0.2092381414,0.1306051741,1.7894736842,0.2844302129,1287.29
46071,0.235182,0.173785,0.419542,4,7.54,0.247088,0.108446,0.402141,1,0.221723,0.149889,0.450162,0.208105,0.127707,0.387552,0.235796,0.182292,0.401053,2,6597.5166275,5977.6125671,2020.1443226,6597.5166275,0.1879724572,0.1744466804,0.2092381414,0.1306051741,1.7894736842,0.2844302129,1287.29
46071,0.231801,0.170552,0.431599,5,7.54,0.247902,0.11614,0.409577,1,0.209007,0.153874,0.468137,0.206065,0.131066,0.399013,0.237112,0.173714,0.408951,1,6597.5166275,5977.6125671,2020.1443226,6597.5166275,0.1879724572,0.1744466804,0.2092381414,0.1306051741,1.7894736842,0.2844302129,1287.29
46072,0.134437,0.111582,0.359111,1,7.7,0.125203,0.080255,0.391017,0,0.123035,0.088842,0.396181,0.102116,0.061889,0.379819,0.168671,0.130375,0.342024,1,9253.1244799,8709.638318,2864.8705327,9253.1244799,0.1666958096,0.1485925659,0.167412354,0.1298275646,8.35,0.0110923462,0.04
46072,0.153642,0.137022,0.391933,2,7.7,0.135833,0.106235,0.400384,0,0.128337,0.105274,0.424379,0.118418,0.102001,0.405092,0.189162,0.152077,0.351167,1,9253.1244799,8709.638318,2864.8705327,9253.1244799,0.1666958096,0.1485925659,0.167412354,0.1298275646,8.35,0.0110923462,0.04
46072,0.173085,0.154666,0.444597,3,7.7,0.160791,0.104292,0.432982,0,0.166851,0.134941,0.471715,0.145406,0.09762,0.424131,0.189944,0.188149,0.405568,2,9253.1244799,8709.638318,2864.8705327,9253.1244799,0.1666958096,0.1485925659,0.167412354,0.1298275646,8.35,0.0110923462,0.04
46072,0.224219,0.167043,0.459401,4,7.7,0.203165,0.105236,0.420122,0,0.205959,0.145705,0.480935,0.177319,0.109244,0.416124,0.215306,0.179061,0.423391,12,9253.1244799,8709.638318,2864.8705327,9253.1244799,0.1666958096,0.1485925659,0.167412354,0.1298275646,8.35,0.0110923462,0.04
46072,0.206564,0.172364,0.471622,5,7.7,0.192764,0.130978,0.448176,0,0.180379,0.155607,0.489827,0.181282,0.12837,0.4355,0.230167,0.199289,0.458975,18,9253.1244799,8709.638318,2864.8705327,9253.1244799,0.1666958096,0.1485925659,0.167412354,0.1298275646,8.35,0.0110923462,0.04
46073,0.126763,0.097571,0.341673,1,7.38,0.128783,0.066038,0.376655,0,0.124198,0.072831,0.371129,0.098423,0.059195,0.349617,0.1697,0.123167,0.367452,0,6974.4931402,6490.6356423,2060.3733136,6974.4931402,0.181202097,0.1744541041,0.2073814723,0.1290956633,12.7,0.0106864396,0.45
46073,0.173577,0.135509,0.376236,2,7.38,0.191149,0.132767,0.418347,0,0.153633,0.121132,0.411838,0.144421,0.093519,0.349559,0.221147,0.152797,0.381368,0,6974.4931402,6490.6356423,2060.3733136,6974.4931402,0.181202097,0.1744541041,0.2073814723,0.1290956633,12.7,0.0106864396,0.45
46073,0.191478,0.151106,0.422417,3,7.38,0.186147,0.100664,0.413975,0,0.175415,0.131086,0.443529,0.156257,0.121023,0.402089,0.206395,0.152108,0.408542,5,6974.4931402,6490.6356423,2060.3733136,6974.4931402,0.181202097,0.1744541041,0.2073814723,0.1290956633,12.7,0.0106864396,0.45
46073,0.240858,0.165142,0.437854,4,7.38,0.245384,0.12055,0.440618,0,0.208787,0.140039,0.454321,0.216143,0.110688,0.398033,0.24153,0.191609,0.427998,0,6974.4931402,6490.6356423,2060.3733136,6974.4931402,0.181202097,0.1744541041,0.2073814723,0.1290956633,12.7,0.0106864396,0.45
46073,0.262592,0.175512,0.447516,5,7.38,0.260795,0.124926,0.424009,0,0.22596,0.152287,0.46732,0.237077,0.145048,0.421501,0.261994,0.195977,0.448733,2,6974.4931402,6490.6356423,2060.3733136,6974.4931402,0.181202097,0.1744541041,0.2073814723,0.1290956633,12.7,0.0106864396,0.45
